username,password
testuser001,testpass
testuser002,testpass
testuser003,testpass
testuser004,testpass
testuser005,testpass
testuser006,testpass
testuser007,testpass
testuser008,testpass
testuser009,testpass
testuser010,testpass
testuser011,testpass
testuser012,testpass
testuser013,testpass
testuser014,testpass
testuser015,testpass
testuser016,testpass
testuser017,testpass
testuser018,testpass
testuser019,testpass
testuser020,testpass
testuser021,testpass
testuser022,testpass
testuser023,testpass
testuser024,testpass
testuser025,testpass
testuser026,testpass
testuser027,testpass
testuser028,testpass
testuser029,testpass
testuser030,testpass
testuser031,testpass
testuser032,testpass
testuser033,testpass
testuser034,testpass
testuser035,testpass
testuser036,testpass
testuser037,testpass
testuser038,testpass
testuser039,testpass
testuser040,testpass
testuser041,testpass
testuser042,testpass
testuser043,testpass
testuser044,testpass
testuser045,testpass
testuser046,testpass
testuser047,testpass
testuser048,testpass
testuser049,testpass
testuser050,testpass
testuser051,testpass
testuser052,testpass
testuser053,testpass
testuser054,testpass
testuser055,testpass
testuser056,testpass
testuser057,testpass
testuser058,testpass
testuser059,testpass
testuser060,testpass
testuser061,testpass
testuser062,testpass
testuser063,testpass
testuser064,testpass
testuser065,testpass
testuser066,testpass
testuser067,testpass
testuser068,testpass
testuser069,testpass
testuser070,testpass
testuser071,testpass
testuser072,testpass
testuser073,testpass
testuser074,testpass
testuser075,testpass
testuser076,testpass
testuser077,testpass
testuser078,testpass
testuser079,testpass
testuser080,testpass
testuser081,testpass
testuser082,testpass
testuser083,testpass
testuser084,testpass
testuser085,testpass
testuser086,testpass
testuser087,testpass
testuser088,testpass
testuser089,testpass
testuser090,testpass
testuser091,testpass
testuser092,testpass
testuser093,testpass
testuser094,testpass
testuser095,testpass
testuser096,testpass
testuser097,testpass
testuser098,testpass
testuser099,testpass
testuser100,testpass
testuser101,testpass
testuser102,testpass
testuser103,testpass
testuser104,testpass
testuser105,testpass
testuser106,testpass
testuser107,testpass
testuser108,testpass
testuser109,testpass
testuser110,testpass
testuser111,testpass
testuser112,testpass
testuser113,testpass
testuser114,testpass
testuser115,testpass
testuser116,testpass
